{"stats":{"minecraft:dropped":{"minecraft:oak_door":1,"minecraft:dark_oak_sapling":1,"apocalypsenow:longknife":1,"minecraft:rotten_flesh":2,"apocalypsenow:knife":1,"minecraft:flint":1},"minecraft:used":{"minecraft:dirt":1,"minecraft:enchanted_golden_apple":1},"minecraft:custom":{"minecraft:time_since_rest":356,"minecraft:sprint_one_cm":23250,"minecraft:damage_taken":1772,"minecraft:walk_one_cm":33375,"minecraft:mob_kills":27,"minecraft:drop":6,"minecraft:fly_one_cm":225670,"minecraft:open_chest":18,"minecraft:crouch_one_cm":438,"minecraft:play_one_minute":13205,"minecraft:deaths":4,"minecraft:sneak_time":406,"minecraft:jump":193,"minecraft:leave_game":4,"minecraft:walk_on_water_one_cm":631,"minecraft:time_since_death":0,"minecraft:climb_one_cm":52,"minecraft:damage_resisted":224,"minecraft:fall_one_cm":778},"minecraft:killed_by":{"apocalypsenow:runner_48":1,"apocalypsenow:walker_14":1,"zombie_extreme:infected":1,"apocalypsenow:runner_32":1},"minecraft:mined":{"minecraft:grass_block":1},"minecraft:picked_up":{"minecraft:dark_oak_sapling":1,"firstaid:plaster":16,"apocalypsenow:longknife":1,"zombie_extreme:juggernaut_suit_leggings":1,"minecraft:flint":1,"zombie_extreme:juggernaut_suit_boots":1,"zombie_extreme:juggernaut_suit_helmet":1,"tac:762x25":900,"minecraft:dirt":1,"tac:ak47":1,"minecraft:rotten_flesh":2,"apocalypsenow:knife":1,"firstaid:bandage":16,"minecraft:enchanted_golden_apple":63,"zombie_extreme:juggernaut_suit_chestplate":1},"minecraft:killed":{"apocalypsenow:military_1":1,"apocalypsenow:special_1":1,"apocalypsenow:walker_39":1,"minecraft:parrot":2,"minecraft:zombie":5,"zombie_extreme:goon":1,"apocalypsenow:runner_19":1,"apocalypsenow:runner_18":1,"apocalypsenow:crawler_9":1,"apocalypsenow:walker_15":1,"apocalypsenow:crawler_1":2,"apocalypsenow:walker_44":1,"apocalypsenow:runner_53":1,"apocalypsenow:runner_26":2,"apocalypsenow:runner_23":2,"apocalypsenow:walker_7":3,"apocalypsenow:walker_4":1}},"DataVersion":2586}